Timestamp,User Count,Type,Name,Requests/s,Failures/s,50%,66%,75%,80%,90%,95%,98%,99%,99.9%,99.99%,100%,Total Request Count,Total Failure Count,Total Median Response Time,Total Average Response Time,Total Min Response Time,Total Max Response Time,Total Average Content Size
1734459834,0,,Aggregated,0.000000,0.000000,N/A,N/A,N/A,N/A,N/A,N/A,N/A,N/A,N/A,N/A,N/A,0,0,0,0.0,0,0,0
1734459835,2,,Aggregated,0.000000,0.000000,N/A,N/A,N/A,N/A,N/A,N/A,N/A,N/A,N/A,N/A,N/A,0,0,0,0.0,0,0,0
1734459836,4,,Aggregated,0.000000,0.000000,N/A,N/A,N/A,N/A,N/A,N/A,N/A,N/A,N/A,N/A,N/A,0,0,0,0.0,0,0,0
1734459837,6,,Aggregated,0.000000,0.000000,N/A,N/A,N/A,N/A,N/A,N/A,N/A,N/A,N/A,N/A,N/A,0,0,0,0.0,0,0,0
1734459838,8,,Aggregated,0.000000,0.000000,N/A,N/A,N/A,N/A,N/A,N/A,N/A,N/A,N/A,N/A,N/A,0,0,0,0.0,0,0,0
1734459839,10,,Aggregated,0.000000,0.000000,1600,1600,3100,3100,3200,3200,3200,3200,3200,3200,3200,7,0,1600.0,1844.803404859184,465.5679580027936,3173.072895006044,1218.5714285714287
1734459840,10,,Aggregated,0.000000,0.000000,1500,1500,1600,1600,3100,3200,3200,3200,3200,3200,3200,13,0,1500.0,1380.7225311544385,465.5679580027936,3173.072895006044,1100.3076923076924
1734459841,10,,Aggregated,0.000000,0.000000,1500,1500,1600,1900,3100,3200,3200,3200,3200,3200,3200,15,0,1500.0,1400.3145528006523,465.5679580027936,3173.072895006044,1059.6
1734459842,10,,Aggregated,1.000000,0.000000,1600,1900,2300,2400,2600,3100,3200,3200,3200,3200,3200,22,0,1600.0,1659.4191981355173,465.5679580027936,3173.072895006044,2514.090909090909
1734459843,10,,Aggregated,2.166667,0.000000,1600,2100,2400,2400,3100,3100,3200,3200,3200,3200,3200,27,0,1600.0,1723.6417514806683,465.5679580027936,3173.072895006044,2606.5555555555557
1734459844,10,,Aggregated,2.750000,0.000000,1900,2200,2400,2400,3100,3100,3200,3200,3200,3200,3200,30,0,1800.0,1777.241742866075,465.5679580027936,3173.072895006044,2737.233333333333
1734459845,10,,Aggregated,2.750000,0.000000,1900,2200,2400,2500,2800,3100,3200,3200,3200,3200,3200,34,0,1900.0,1848.3949710293125,465.5679580027936,3173.072895006044,2852.8529411764707
1734459846,10,,Aggregated,2.750000,0.000000,1900,2200,2400,2500,2800,3100,3200,3200,3200,3200,3200,34,0,1900.0,1848.3949710293125,465.5679580027936,3173.072895006044,2852.8529411764707
1734459847,10,,Aggregated,2.750000,0.000000,1900,2200,2400,2500,2800,3100,3200,3200,3200,3200,3200,34,0,1900.0,1848.3949710293125,465.5679580027936,3173.072895006044,2852.8529411764707
1734459848,10,,Aggregated,3.400000,0.000000,2100,2400,2600,2800,4000,5000,5100,5100,5100,5100,5100,38,1,2000.0,2137.6407838688465,465.5679580027936,5148.32895201107,2709.4210526315787
1734459849,10,,Aggregated,3.400000,0.000000,2100,2400,2700,3100,4200,5100,5500,5500,5500,5500,5500,39,1,2100.0,2222.9536439748094,465.5679580027936,5464.842328001396,2923.358974358974
1734459850,10,,Aggregated,3.400000,0.000000,2100,2500,2800,3100,5000,5200,5500,5500,5500,5500,5500,41,1,2100.0,2370.0464635856006,465.5679580027936,5464.842328001396,2828.8048780487807
1734459851,10,,Aggregated,3.400000,0.000000,2100,2500,2800,3100,5000,5200,5500,5500,5500,5500,5500,41,1,2100.0,2370.0464635856006,465.5679580027936,5464.842328001396,2828.8048780487807
1734459852,10,,Aggregated,3.400000,0.000000,2100,2500,2800,3100,5000,5200,5500,5500,5500,5500,5500,41,1,2100.0,2370.0464635856006,465.5679580027936,5464.842328001396,2828.8048780487807
1734459853,10,,Aggregated,2.600000,0.100000,2400,3100,4200,4600,5200,7800,8000,8000,8000,8000,8000,48,2,2300.0,2900.9330954586403,465.5679580027936,7972.879100008868,3115.9375
1734459854,10,,Aggregated,2.600000,0.100000,2400,3100,4200,4600,5200,7800,8000,8000,8000,8000,8000,48,2,2300.0,2900.9330954586403,465.5679580027936,7972.879100008868,3115.9375
1734459855,10,,Aggregated,2.600000,0.100000,2400,3100,4200,4600,5200,7800,8000,8000,8000,8000,8000,48,2,2300.0,2900.9330954586403,465.5679580027936,7972.879100008868,3115.9375
1734459856,10,,Aggregated,2.600000,0.100000,2400,3100,4200,4600,5200,7800,8000,8000,8000,8000,8000,48,2,2300.0,2900.9330954586403,465.5679580027936,7972.879100008868,3115.9375
1734459857,10,,Aggregated,2.600000,0.100000,2400,3100,4200,4600,5200,7800,8000,8000,8000,8000,8000,48,2,2300.0,2900.9330954586403,465.5679580027936,7972.879100008868,3115.9375
1734459858,10,,Aggregated,1.400000,0.200000,2700,4400,5000,5000,7700,8000,9600,10000,10000,10000,10000,58,3,2600.0,3449.911840672751,465.5679580027936,10097.671003997675,3067.5862068965516
1734459859,10,,Aggregated,1.400000,0.200000,2500,4400,5000,5000,5500,8000,9600,10000,10000,10000,10000,61,3,2500.0,3359.5051225577768,465.5679580027936,10097.671003997675,2984.3278688524592
1734459860,10,,Aggregated,1.900000,0.200000,2500,4000,4600,5000,5500,8000,9600,10000,10000,10000,10000,66,4,2500.0,3273.173388333596,465.5679580027936,10097.671003997675,3020.787878787879
1734459861,10,,Aggregated,1.900000,0.200000,2500,4000,4600,5000,5500,8000,9600,10000,10000,10000,10000,66,4,2500.0,3273.173388333596,465.5679580027936,10097.671003997675,3020.787878787879
1734459862,10,,Aggregated,1.900000,0.200000,2500,4000,4600,5000,5500,8000,9600,10000,10000,10000,10000,66,4,2500.0,3273.173388333596,465.5679580027936,10097.671003997675,3020.787878787879
1734459863,10,,Aggregated,1.900000,0.200000,2500,4000,4600,5000,5500,8000,9600,10000,10000,10000,10000,66,4,2500.0,3273.173388333596,465.5679580027936,10097.671003997675,3020.787878787879
1734459864,10,,Aggregated,1.900000,0.200000,2500,4000,4600,5000,5500,8000,9600,10000,10000,10000,10000,66,4,2500.0,3273.173388333596,465.5679580027936,10097.671003997675,3020.787878787879
1734459865,10,,Aggregated,2.500000,0.300000,2800,4600,5000,5100,6500,8000,9600,10000,10000,10000,10000,76,5,2700.0,3518.6850600268945,465.5679580027936,10097.671003997675,3025.2631578947367
1734459866,10,,Aggregated,1.800000,0.200000,2500,4200,5000,5000,5500,7800,9600,10000,10000,10000,10000,83,6,2500.0,3332.3682900007984,465.5679580027936,10097.671003997675,3270.3373493975905
1734459867,10,,Aggregated,2.800000,0.300000,2500,4200,5000,5000,5500,7800,9600,10000,10000,10000,10000,85,6,2500.0,3320.623860683169,465.5679580027936,10097.671003997675,3204.4470588235295
1734459868,10,,Aggregated,3.300000,0.400000,2600,4200,5000,5000,5500,7800,9600,10000,10000,10000,10000,87,6,2600.0,3317.6486850811516,465.5679580027936,10097.671003997675,3263.2758620689656
1734459869,10,,Aggregated,3.300000,0.400000,2600,4200,5000,5000,5500,7800,9600,10000,10000,10000,10000,87,6,2600.0,3317.6486850811516,465.5679580027936,10097.671003997675,3263.2758620689656
1734459870,10,,Aggregated,3.300000,0.400000,2600,4200,5000,5000,5500,7800,9600,10000,10000,10000,10000,87,6,2600.0,3317.6486850811516,465.5679580027936,10097.671003997675,3263.2758620689656
1734459871,10,,Aggregated,2.900000,0.300000,2700,4400,5000,5100,5800,7800,9600,10000,10000,10000,10000,92,6,2700.0,3426.3000493160885,465.5679580027936,10097.671003997675,3175.804347826087
1734459872,10,,Aggregated,2.900000,0.300000,2700,4400,5000,5100,5800,7800,9600,10000,10000,10000,10000,92,6,2700.0,3426.3000493160885,465.5679580027936,10097.671003997675,3175.804347826087
1734459873,10,,Aggregated,2.900000,0.300000,2700,4400,5000,5100,5800,7800,9600,10000,10000,10000,10000,92,6,2700.0,3426.3000493160885,465.5679580027936,10097.671003997675,3175.804347826087
1734459874,10,,Aggregated,2.900000,0.300000,2700,4400,5000,5100,5800,7800,9600,10000,10000,10000,10000,92,6,2700.0,3426.3000493160885,465.5679580027936,10097.671003997675,3175.804347826087
1734459875,10,,Aggregated,2.600000,0.200000,3200,4600,5000,5200,6500,7800,8500,9600,10000,10000,10000,102,9,3100.0,3629.9194188242977,465.5679580027936,10097.671003997675,3284.029411764706
1734459876,10,,Aggregated,2.600000,0.200000,3100,4400,5000,5100,6500,7800,8500,9600,10000,10000,10000,106,10,2900.0,3537.617272576169,465.5679580027936,10097.671003997675,3229.603773584906
1734459877,10,,Aggregated,2.600000,0.200000,2900,4400,5000,5100,6500,7800,8500,9600,10000,10000,10000,107,11,2900.0,3521.6593856268582,465.5679580027936,10097.671003997675,3200.5233644859813
1734459878,10,,Aggregated,2.600000,0.200000,2900,4400,5000,5100,6500,7800,8500,9600,10000,10000,10000,107,11,2900.0,3521.6593856268582,465.5679580027936,10097.671003997675,3200.5233644859813
1734459879,10,,Aggregated,2.500000,0.400000,3100,4400,5000,5100,6500,7800,8500,9600,10000,10000,10000,110,11,3100.0,3532.9485121733424,465.5679580027936,10097.671003997675,3225.4454545454546
1734459880,10,,Aggregated,2.500000,0.400000,3100,4400,5000,5100,6500,7800,8500,9600,10000,10000,10000,110,11,3100.0,3532.9485121733424,465.5679580027936,10097.671003997675,3225.4454545454546
1734459881,10,,Aggregated,2.500000,0.400000,3100,4400,5000,5100,6500,7800,8500,9600,10000,10000,10000,110,11,3100.0,3532.9485121733424,465.5679580027936,10097.671003997675,3225.4454545454546
1734459882,10,,Aggregated,2.500000,0.400000,3100,4400,5000,5100,6500,7800,8500,9600,10000,10000,10000,110,11,3100.0,3532.9485121733424,465.5679580027936,10097.671003997675,3225.4454545454546
1734459883,10,,Aggregated,2.100000,0.500000,3700,4600,5100,5300,7200,8000,8500,9600,10000,10000,10000,119,12,3700.0,3763.268831050994,465.5679580027936,10097.671003997675,3387.63025210084
1734459884,10,,Aggregated,2.100000,0.500000,3700,4600,5100,5200,7000,7800,8500,9600,10000,10000,10000,121,12,3700.0,3748.233784570778,465.5679580027936,10097.671003997675,3477.471074380165
1734459885,10,,Aggregated,2.600000,0.600000,3400,4600,5100,5200,7000,7800,8500,9600,10000,10000,10000,123,12,3400.0,3727.241377016729,465.5679580027936,10097.671003997675,3775.5934959349593
1734459886,10,,Aggregated,2.900000,0.600000,3400,4600,5000,5200,7000,7800,8500,9600,10000,10000,10000,126,12,3400.0,3719.103818516213,465.5679580027936,10097.671003997675,3853.8571428571427
1734459887,10,,Aggregated,2.900000,0.600000,3400,4600,5000,5200,7000,7800,8500,9600,10000,10000,10000,127,12,3400.0,3719.6235160869737,465.5679580027936,10097.671003997675,3827.2913385826773
1734459888,10,,Aggregated,2.900000,0.600000,3400,4600,5000,5200,7000,7800,8500,9600,10000,10000,10000,127,12,3400.0,3719.6235160869737,465.5679580027936,10097.671003997675,3827.2913385826773
1734459889,10,,Aggregated,2.900000,0.600000,3400,4600,5000,5200,7000,7800,8500,9600,10000,10000,10000,127,12,3400.0,3719.6235160869737,465.5679580027936,10097.671003997675,3827.2913385826773
1734459890,10,,Aggregated,2.000000,0.100000,3700,4600,5100,5500,7000,7800,8500,9600,10000,10000,10000,130,12,3400.0,3779.2445334002527,465.5679580027936,10097.671003997675,3762.276923076923
1734459891,10,,Aggregated,2.000000,0.100000,3700,4600,5100,5500,7000,7800,8500,9600,10000,10000,10000,130,12,3400.0,3779.2445334002527,465.5679580027936,10097.671003997675,3762.276923076923
1734459892,10,,Aggregated,2.000000,0.100000,3700,4600,5100,5500,7000,7800,8500,9600,10000,10000,10000,130,12,3400.0,3779.2445334002527,465.5679580027936,10097.671003997675,3762.276923076923
1734459893,10,,Aggregated,2.000000,0.100000,3700,4600,5100,5500,7000,7800,8500,9600,10000,10000,10000,130,12,3400.0,3779.2445334002527,465.5679580027936,10097.671003997675,3762.276923076923
1734459894,10,,Aggregated,2.000000,0.100000,3700,4600,5100,5500,7000,7800,8500,9600,10000,10000,10000,130,12,3400.0,3779.2445334002527,465.5679580027936,10097.671003997675,3762.276923076923
1734459895,10,,Aggregated,1.200000,0.000000,3900,5000,5300,6400,7700,8800,9900,10000,11000,11000,11000,141,15,3900.0,4033.1085726810934,369.0863310039276,11364.969709000434,3917.404255319149
1734459896,10,,Aggregated,0.900000,0.000000,3900,5000,5400,6400,7700,8800,9900,10000,11000,11000,11000,143,16,3900.0,4030.4807436365923,369.0863310039276,11364.969709000434,3888.1188811188813
1734459897,10,,Aggregated,0.900000,0.000000,3800,5000,5300,6400,7700,8800,9900,10000,11000,11000,11000,145,16,3800.0,4001.6801561518964,369.0863310039276,11364.969709000434,3838.958620689655
1734459898,10,,Aggregated,0.900000,0.000000,3800,5000,5300,6400,7700,8800,9900,10000,11000,11000,11000,145,16,3800.0,4001.6801561518964,369.0863310039276,11364.969709000434,3838.958620689655
1734459899,10,,Aggregated,0.900000,0.000000,3800,5000,5300,6400,7700,8800,9900,10000,11000,11000,11000,145,16,3800.0,4001.6801561518964,369.0863310039276,11364.969709000434,3838.958620689655
1734459900,10,,Aggregated,1.800000,0.400000,3900,5000,5400,6400,7700,8800,9900,10000,11000,11000,11000,150,16,3900.0,4041.757602526826,369.0863310039276,11364.969709000434,3868.24
1734459901,10,,Aggregated,1.800000,0.400000,3900,5000,5400,6300,7600,8800,9600,10000,11000,11000,11000,154,17,3900.0,4041.1294349352074,358.18605800159276,11364.969709000434,4192.266233766234
1734459902,10,,Aggregated,1.500000,0.400000,3900,5000,5400,6300,7600,8800,9600,10000,11000,11000,11000,158,18,3900.0,4029.7775852722903,358.18605800159276,11364.969709000434,4113.335443037975
1734459903,10,,Aggregated,2.200000,0.400000,3900,5000,5400,6300,7600,8800,9600,10000,11000,11000,11000,160,18,3900.0,4009.985526631499,358.18605800159276,11364.969709000434,4372.1625
1734459904,10,,Aggregated,2.200000,0.400000,3900,5000,5300,6100,7300,8500,9600,10000,11000,11000,11000,161,18,3900.0,4002.8390672983587,358.18605800159276,11364.969709000434,4347.931677018633
1734459905,10,,Aggregated,2.900000,0.600000,3800,5000,5200,5800,7300,8500,9600,10000,11000,11000,11000,167,20,3800.0,3984.1005311321924,358.18605800159276,11364.969709000434,4283.233532934131
1734459906,10,,Aggregated,2.900000,0.600000,3800,5000,5200,5800,7300,8500,9600,10000,11000,11000,11000,167,20,3800.0,3984.1005311321924,358.18605800159276,11364.969709000434,4283.233532934131
1734459907,10,,Aggregated,2.600000,0.400000,3800,4900,5200,5800,7300,8500,9600,10000,11000,11000,11000,172,22,3800.0,3983.480846064404,358.18605800159276,11364.969709000434,4237.593023255814
1734459908,10,,Aggregated,2.600000,0.500000,3700,4900,5200,5800,7300,8500,9600,10000,11000,11000,11000,177,22,3700.0,3954.10285237338,358.18605800159276,11364.969709000434,4264.214689265536
1734459909,10,,Aggregated,2.600000,0.500000,3700,4900,5200,5800,7300,8500,9600,10000,11000,11000,11000,177,22,3700.0,3954.10285237338,358.18605800159276,11364.969709000434,4264.214689265536
1734459910,10,,Aggregated,2.800000,0.600000,3500,4700,5100,5500,7200,8200,9600,10000,11000,11000,11000,184,24,3500.0,3912.419240000457,358.18605800159276,11364.969709000434,4205.413043478261
1734459911,10,,Aggregated,2.800000,0.600000,3500,4700,5100,5500,7200,8200,9600,10000,11000,11000,11000,184,24,3500.0,3912.419240000457,358.18605800159276,11364.969709000434,4205.413043478261
1734459912,10,,Aggregated,3.200000,0.600000,3500,4600,5100,5500,7200,8200,9600,10000,11000,11000,11000,189,24,3500.0,3884.514454238655,358.18605800159276,11364.969709000434,4443.910052910053
1734459913,10,,Aggregated,3.200000,0.800000,3400,4600,5100,5400,7000,8200,9600,10000,11000,11000,11000,195,27,3400.0,3839.6343016723104,358.18605800159276,11364.969709000434,4335.466666666666
1734459914,10,,Aggregated,3.200000,0.800000,3400,4600,5100,5400,7000,8200,9600,10000,11000,11000,11000,196,27,3400.0,3836.1256941688207,358.18605800159276,11364.969709000434,4368.908163265306
1734459915,10,,Aggregated,3.100000,0.600000,3400,4600,5000,5400,7000,8200,9600,10000,11000,11000,11000,197,27,3400.0,3835.5128700512687,358.18605800159276,11364.969709000434,4356.106598984771
1734459916,10,,Aggregated,3.100000,0.600000,3400,4600,5000,5400,7000,8200,9600,10000,11000,11000,11000,197,27,3400.0,3835.5128700512687,358.18605800159276,11364.969709000434,4356.106598984771
1734459917,10,,Aggregated,3.500000,0.900000,3500,4600,5000,5400,7000,8200,9600,10000,11000,11000,11000,198,27,3400.0,3840.414500323764,358.18605800159276,11364.969709000434,4336.570707070707
1734459918,10,,Aggregated,3.200000,0.900000,3500,4600,5000,5300,7000,8000,9500,9900,11000,11000,11000,206,28,3500.0,3868.3460339617313,358.18605800159276,11364.969709000434,4267.436893203883
1734459919,10,,Aggregated,3.000000,0.700000,3500,4500,5000,5200,7000,8000,9500,9900,11000,11000,11000,212,30,3500.0,3817.0857670146397,358.18605800159276,11364.969709000434,4238.575471698113
1734459920,10,,Aggregated,3.300000,0.600000,3400,4500,5000,5200,7000,8000,9500,9900,11000,11000,11000,215,31,3400.0,3793.6594608329847,358.18605800159276,11364.969709000434,4232.218604651162
1734459921,10,,Aggregated,3.300000,0.600000,3400,4500,5000,5200,7000,8000,9500,9900,11000,11000,11000,215,31,3400.0,3793.6594608329847,358.18605800159276,11364.969709000434,4232.218604651162
1734459922,10,,Aggregated,3.700000,0.900000,3400,4500,5000,5200,6700,8000,9500,9900,11000,11000,11000,221,31,3400.0,3785.3912918012466,358.18605800159276,11364.969709000434,4217.013574660634
1734459923,10,,Aggregated,3.100000,0.700000,3500,4500,5000,5200,6700,8000,9500,9900,11000,11000,11000,222,31,3400.0,3785.541500793172,358.18605800159276,11364.969709000434,4200.207207207207
1734459924,10,,Aggregated,3.100000,0.700000,3500,4500,5000,5200,6700,8000,9500,9900,11000,11000,11000,222,31,3400.0,3785.541500793172,358.18605800159276,11364.969709000434,4200.207207207207
1734459925,10,,Aggregated,3.100000,0.700000,3500,4500,5000,5200,6700,8000,9500,9900,11000,11000,11000,222,31,3400.0,3785.541500793172,358.18605800159276,11364.969709000434,4200.207207207207
1734459926,10,,Aggregated,2.600000,0.400000,3500,4500,5000,5200,6700,8000,9500,9900,11000,11000,11000,227,31,3500.0,3818.694478427745,358.18605800159276,11364.969709000434,4263.1189427312775
1734459927,10,,Aggregated,2.600000,0.400000,3500,4500,5000,5200,6700,8000,9500,9900,11000,11000,11000,227,31,3500.0,3818.694478427745,358.18605800159276,11364.969709000434,4263.1189427312775
1734459928,10,,Aggregated,2.500000,0.400000,3500,4500,5000,5400,6600,8000,9500,9900,11000,11000,11000,234,33,3500.0,3844.093803385072,358.18605800159276,11364.969709000434,4225.440170940171
1734459929,10,,Aggregated,2.500000,0.400000,3500,4500,5000,5400,6600,8000,9500,9900,11000,11000,11000,235,33,3500.0,3838.7305227749202,358.18605800159276,11364.969709000434,4208.353191489362
1734459930,10,,Aggregated,2.500000,0.400000,3500,4500,5000,5400,6600,8000,9500,9900,11000,11000,11000,235,33,3500.0,3838.7305227749202,358.18605800159276,11364.969709000434,4208.353191489362
1734459931,10,,Aggregated,2.100000,0.300000,3500,4500,5000,5400,6600,8000,9500,9900,11000,11000,11000,237,33,3500.0,3843.547461975186,358.18605800159276,11364.969709000434,4176.860759493671
1734459932,10,,Aggregated,2.100000,0.300000,3500,4500,5000,5400,6600,8000,9500,9900,11000,11000,11000,237,33,3500.0,3843.547461975186,358.18605800159276,11364.969709000434,4176.860759493671
1734459933,10,,Aggregated,2.200000,0.200000,3700,4600,5000,5300,6500,8000,9500,9900,11000,11000,11000,244,34,3700.0,3865.7559482996817,358.18605800159276,11364.969709000434,4109.700819672131
1734459934,10,,Aggregated,2.200000,0.200000,3700,4600,5000,5300,6500,8000,9500,9900,11000,11000,11000,244,34,3700.0,3865.7559482996817,358.18605800159276,11364.969709000434,4109.700819672131
1734459935,10,,Aggregated,2.100000,0.300000,3700,4600,5000,5300,6500,8000,9500,9900,11000,11000,11000,249,36,3700.0,3867.046174775607,358.18605800159276,11364.969709000434,4131.373493975903
1734459936,10,,Aggregated,2.200000,0.300000,3600,4500,5000,5200,6500,8000,8800,9900,11000,11000,11000,253,36,3600.0,3860.6071133325186,358.18605800159276,11364.969709000434,4124.482213438735
1734459937,10,,Aggregated,2.500000,0.500000,3600,4500,5000,5200,6500,8000,8800,9900,11000,11000,11000,257,36,3600.0,3839.5577815375136,358.18605800159276,11364.969709000434,4149.105058365759
1734459938,10,,Aggregated,2.700000,0.500000,3500,4500,5000,5200,6500,7800,8800,9900,11000,11000,11000,261,36,3500.0,3820.120147111662,358.18605800159276,11364.969709000434,4132.0498084291185
1734459939,10,,Aggregated,2.700000,0.500000,3500,4500,5000,5200,6500,7800,8800,9900,11000,11000,11000,261,36,3500.0,3820.120147111662,358.18605800159276,11364.969709000434,4132.0498084291185
1734459940,10,,Aggregated,3.000000,0.500000,3600,4500,5000,5200,6500,7800,8800,9900,11000,11000,11000,263,36,3600.0,3819.0082673845677,358.18605800159276,11364.969709000434,4110.171102661597
1734459941,10,,Aggregated,3.000000,0.500000,3600,4500,5000,5200,6500,7800,8800,9900,11000,11000,11000,263,36,3600.0,3819.0082673845677,358.18605800159276,11364.969709000434,4110.171102661597
1734459942,10,,Aggregated,2.600000,0.300000,3600,4500,5000,5200,6500,7800,8800,9900,11000,11000,11000,267,36,3600.0,3841.8169407870955,358.18605800159276,11364.969709000434,4138.741573033708
1734459943,10,,Aggregated,2.600000,0.300000,3600,4500,5000,5200,6500,7800,8800,9900,11000,11000,11000,267,36,3600.0,3841.8169407870955,358.18605800159276,11364.969709000434,4138.741573033708
1734459944,10,,Aggregated,2.600000,0.300000,3700,4600,5000,5400,6400,7800,8800,9900,11000,11000,11000,272,37,3700.0,3876.613113191792,358.18605800159276,11364.969709000434,4137.183823529412
1734459945,10,,Aggregated,2.600000,0.300000,3700,4600,5000,5400,6400,7800,8800,9900,11000,11000,11000,273,37,3700.0,3878.89160755736,358.18605800159276,11364.969709000434,4162.516483516483
1734459946,10,,Aggregated,2.300000,0.200000,3700,4500,5000,5300,6400,7800,8800,9900,11000,11000,11000,276,38,3700.0,3879.329324025858,358.18605800159276,11364.969709000434,4119.56884057971
1734459947,10,,Aggregated,2.600000,0.100000,3700,4500,5000,5300,6400,7800,8800,9900,11000,11000,11000,278,40,3700.0,3879.131774162403,358.18605800159276,11364.969709000434,4090.6510791366904
1734459948,10,,Aggregated,2.600000,0.200000,3700,4500,5000,5300,6400,7800,8800,9900,11000,11000,11000,279,40,3700.0,3878.7444747138306,358.18605800159276,11364.969709000434,4231.028673835125
1734459949,10,,Aggregated,2.100000,0.300000,3700,4600,5000,5300,6400,7700,8800,9900,11000,11000,11000,282,40,3700.0,3886.142870702728,358.18605800159276,11364.969709000434,4206.443262411348
1734459950,10,,Aggregated,2.100000,0.300000,3700,4600,5000,5300,6400,7700,8800,9900,11000,11000,11000,282,40,3700.0,3886.142870702728,358.18605800159276,11364.969709000434,4206.443262411348
1734459951,10,,Aggregated,2.100000,0.300000,3700,4600,5000,5300,6400,7700,8800,9900,11000,11000,11000,282,40,3700.0,3886.142870702728,358.18605800159276,11364.969709000434,4206.443262411348
1734459952,10,,Aggregated,2.100000,0.400000,3700,4600,5000,5300,6400,7700,8800,9900,11000,11000,11000,291,42,3700.0,3914.3098849662993,358.18605800159276,11364.969709000434,4171.8247422680415
1734459953,10,,Aggregated,2.100000,0.400000,3700,4600,5000,5300,6400,7700,8800,9900,11000,11000,11000,291,42,3700.0,3914.3098849662993,358.18605800159276,11364.969709000434,4171.8247422680415
1734459954,10,,Aggregated,2.700000,0.600000,3700,4600,5000,5300,6400,7700,8800,9900,11000,11000,11000,297,42,3700.0,3889.5053085023396,358.18605800159276,11364.969709000434,4179.3367003367
1734459955,10,,Aggregated,2.400000,0.600000,3700,4600,5000,5300,6400,7700,8800,9900,11000,11000,11000,300,42,3700.0,3883.9271643706397,358.18605800159276,11364.969709000434,4211.746666666667
1734459956,10,,Aggregated,2.700000,0.600000,3700,4500,5000,5200,6400,7600,8800,9600,11000,11000,11000,302,43,3700.0,3879.0429238350343,358.18605800159276,11364.969709000434,4185.672185430463
1734459957,10,,Aggregated,2.400000,0.500000,3600,4500,5000,5200,6400,7600,8800,9600,11000,11000,11000,307,43,3600.0,3871.760530235091,358.18605800159276,11364.969709000434,4332.5798045602605
1734459958,10,,Aggregated,2.400000,0.500000,3600,4500,5000,5200,6400,7600,8800,9600,11000,11000,11000,307,43,3600.0,3871.760530235091,358.18605800159276,11364.969709000434,4332.5798045602605
1734459959,10,,Aggregated,2.500000,0.400000,3700,4500,5000,5200,6400,7600,8800,9600,11000,11000,11000,308,43,3600.0,3872.8629351823542,358.18605800159276,11364.969709000434,4325.974025974026
1734459960,10,,Aggregated,2.500000,0.400000,3700,4500,5000,5200,6400,7600,8800,9600,11000,11000,11000,308,43,3600.0,3872.8629351823542,358.18605800159276,11364.969709000434,4325.974025974026
1734459961,10,,Aggregated,2.500000,0.400000,3700,4500,5000,5200,6400,7600,8800,9600,11000,11000,11000,308,43,3600.0,3872.8629351823542,358.18605800159276,11364.969709000434,4325.974025974026
1734459962,10,,Aggregated,2.600000,0.300000,3700,4500,5000,5300,6400,7600,8800,9600,11000,11000,11000,311,44,3700.0,3899.0949334153634,358.18605800159276,11364.969709000434,4293.247588424438
1734459963,10,,Aggregated,2.600000,0.300000,3700,4600,5000,5400,6400,7600,8800,9600,11000,11000,11000,314,46,3700.0,3919.1169850961082,358.18605800159276,11364.969709000434,4287.547770700637
1734459964,10,,Aggregated,2.000000,0.100000,3700,4600,5000,5400,6500,7600,8800,9600,11000,11000,11000,315,46,3700.0,3928.0071786323015,358.18605800159276,11364.969709000434,4274.504761904762
1734459965,10,,Aggregated,2.000000,0.100000,3700,4600,5000,5400,6500,7600,8800,9600,11000,11000,11000,315,46,3700.0,3928.0071786323015,358.18605800159276,11364.969709000434,4274.504761904762
1734459966,10,,Aggregated,2.000000,0.400000,3700,4600,5100,5500,6500,7800,8800,9600,11000,11000,11000,317,46,3700.0,3956.217950770246,358.18605800159276,11364.969709000434,4255.927444794953
1734459967,10,,Aggregated,1.800000,0.400000,3700,4600,5000,5500,6500,7700,8800,9600,11000,11000,11000,325,48,3700.0,3977.5905323234965,358.18605800159276,11364.969709000434,4328.2738461538465
1734459968,10,,Aggregated,1.500000,0.400000,3700,4600,5000,5400,6500,7700,8800,9600,11000,11000,11000,330,49,3700.0,3946.920563167122,358.18605800159276,11364.969709000434,4405.948484848484
1734459969,10,,Aggregated,1.500000,0.400000,3700,4600,5000,5400,6500,7700,8800,9600,11000,11000,11000,331,49,3700.0,3940.7971606439855,358.18605800159276,11364.969709000434,4426.030211480363
1734459970,10,,Aggregated,1.500000,0.400000,3700,4600,5000,5400,6500,7700,8800,9600,11000,11000,11000,331,49,3700.0,3940.7971606439855,358.18605800159276,11364.969709000434,4426.030211480363
1734459971,10,,Aggregated,2.400000,0.600000,3700,4600,5000,5400,6500,7700,8800,9600,11000,11000,11000,338,50,3700.0,3929.238378157306,358.18605800159276,11364.969709000434,4427.12426035503
1734459972,10,,Aggregated,2.400000,0.600000,3700,4600,5000,5400,6500,7700,8800,9600,11000,11000,11000,338,50,3700.0,3929.238378157306,358.18605800159276,11364.969709000434,4427.12426035503
1734459973,10,,Aggregated,2.700000,0.700000,3700,4600,5000,5400,6500,7700,8800,9600,11000,11000,11000,340,50,3700.0,3932.4652055240344,358.18605800159276,11364.969709000434,4408.082352941176
1734459974,10,,Aggregated,2.800000,0.700000,3700,4600,5000,5300,6500,7600,8800,9600,11000,11000,11000,342,50,3700.0,3935.089518787071,358.18605800159276,11364.969709000434,4397.233918128655
1734459975,10,,Aggregated,2.800000,0.700000,3700,4600,5000,5300,6500,7600,8800,9600,11000,11000,11000,342,50,3700.0,3935.089518787071,358.18605800159276,11364.969709000434,4397.233918128655
1734459976,10,,Aggregated,2.600000,0.400000,3700,4600,5000,5300,6500,7600,8800,9600,11000,11000,11000,346,50,3700.0,3948.415620358897,358.18605800159276,11364.969709000434,4443.161849710983
1734459977,10,,Aggregated,2.700000,0.400000,3700,4600,5000,5300,6400,7600,8800,9600,11000,11000,11000,352,52,3700.0,3956.590567165264,358.18605800159276,11364.969709000434,4496.585227272727
1734459978,10,,Aggregated,2.600000,0.400000,3700,4600,5000,5300,6400,7600,8800,9600,11000,11000,11000,354,53,3700.0,3949.390963508969,358.18605800159276,11364.969709000434,4472.757062146893
1734459979,10,,Aggregated,2.600000,0.400000,3700,4600,5000,5300,6400,7600,8800,9600,11000,11000,11000,355,53,3700.0,3946.372433541332,358.18605800159276,11364.969709000434,4460.7661971830985
1734459980,10,,Aggregated,2.600000,0.400000,3700,4600,5000,5300,6400,7600,8800,9600,11000,11000,11000,355,53,3700.0,3946.372433541332,358.18605800159276,11364.969709000434,4460.7661971830985
1734459981,10,,Aggregated,2.400000,0.400000,3700,4600,5000,5300,6400,7600,8800,9600,11000,11000,11000,364,56,3700.0,3935.482828283478,358.18605800159276,11364.969709000434,4402.681318681319
1734459982,10,,Aggregated,2.400000,0.400000,3700,4600,5000,5300,6400,7600,8800,9600,11000,11000,11000,364,56,3700.0,3935.482828283478,358.18605800159276,11364.969709000434,4402.681318681319
1734459983,10,,Aggregated,2.400000,0.400000,3700,4600,5000,5300,6400,7600,8800,9600,11000,11000,11000,364,56,3700.0,3935.482828283478,358.18605800159276,11364.969709000434,4402.681318681319
1734459984,10,,Aggregated,2.600000,0.600000,3600,4500,5000,5200,6400,7600,8800,9600,11000,11000,11000,375,57,3600.0,3907.7094399312064,358.18605800159276,11364.969709000434,4397.421333333334
1734459985,10,,Aggregated,2.600000,0.600000,3600,4500,5000,5200,6400,7600,8800,9600,11000,11000,11000,375,57,3600.0,3907.7094399312064,358.18605800159276,11364.969709000434,4397.421333333334
1734459986,10,,Aggregated,2.400000,0.600000,3600,4500,5000,5200,6400,7600,8800,9600,11000,11000,11000,379,57,3600.0,3889.6745694780875,358.18605800159276,11364.969709000434,4394.203166226913
1734459987,10,,Aggregated,2.400000,0.600000,3600,4500,5000,5200,6400,7600,8800,9600,11000,11000,11000,379,57,3600.0,3889.6745694780875,358.18605800159276,11364.969709000434,4394.203166226913
1734459988,10,,Aggregated,3.300000,0.700000,3600,4500,5000,5200,6400,7300,8800,9600,11000,11000,11000,383,58,3600.0,3891.3786917028306,358.18605800159276,11364.969709000434,4410.953002610966
1734459989,10,,Aggregated,3.200000,0.700000,3600,4500,5000,5200,6400,7300,8800,9600,11000,11000,11000,386,59,3600.0,3894.1921990574724,358.18605800159276,11364.969709000434,4406.748704663212
1734459990,10,,Aggregated,2.700000,0.500000,3600,4500,5000,5200,6400,7300,8800,9600,11000,11000,11000,387,59,3600.0,3894.4661575121017,358.18605800159276,11364.969709000434,4396.589147286822
1734459991,10,,Aggregated,2.700000,0.500000,3600,4500,5000,5200,6400,7300,8800,9600,11000,11000,11000,387,59,3600.0,3894.4661575121017,358.18605800159276,11364.969709000434,4396.589147286822
1734459992,10,,Aggregated,2.700000,0.500000,3600,4500,5000,5200,6400,7300,8800,9600,11000,11000,11000,387,59,3600.0,3894.4661575121017,358.18605800159276,11364.969709000434,4396.589147286822
1734459993,10,,Aggregated,2.700000,0.400000,3600,4500,5000,5200,6400,7300,8800,9600,11000,11000,11000,389,59,3600.0,3910.130481743394,358.18605800159276,11364.969709000434,4382.4498714652955
1734459994,10,,Aggregated,2.700000,0.400000,3700,4500,5000,5200,6400,7300,8800,9600,11000,11000,11000,392,59,3700.0,3924.3454201152103,358.18605800159276,11364.969709000434,4393.9795918367345
1734459995,10,,Aggregated,2.300000,0.300000,3700,4600,5000,5300,6400,7300,8800,9600,11000,11000,11000,395,60,3700.0,3940.8935927320663,358.18605800159276,11364.969709000434,4371.048101265823
1734459996,10,,Aggregated,2.800000,0.300000,3700,4600,5000,5300,6400,7300,8800,9600,11000,11000,11000,398,61,3700.0,3951.1292593672665,358.18605800159276,11364.969709000434,4351.050251256282
1734459997,10,,Aggregated,1.800000,0.200000,3700,4600,5000,5300,6400,7300,8500,9500,11000,11000,11000,403,62,3700.0,3946.241817174061,358.18605800159276,11364.969709000434,4317.8759305210915
1734459998,10,,Aggregated,2.000000,0.300000,3600,4500,5000,5300,6400,7300,8500,9500,11000,11000,11000,409,63,3600.0,3920.1535875896598,358.18605800159276,11364.969709000434,4303.938875305624
1734459999,10,,Aggregated,1.900000,0.400000,3600,4500,5000,5300,6400,7300,8500,9500,11000,11000,11000,411,63,3600.0,3911.484302175618,358.18605800159276,11364.969709000434,4283.571776155718
1734460000,10,,Aggregated,1.900000,0.400000,3600,4500,5000,5300,6400,7300,8500,9500,11000,11000,11000,411,63,3600.0,3911.484302175618,358.18605800159276,11364.969709000434,4283.571776155718
1734460001,10,,Aggregated,1.900000,0.400000,3600,4500,5000,5300,6400,7300,8500,9500,11000,11000,11000,411,63,3600.0,3911.484302175618,358.18605800159276,11364.969709000434,4283.571776155718
1734460002,10,,Aggregated,1.900000,0.400000,3600,4500,5000,5300,6400,7300,8500,9500,11000,11000,11000,411,63,3600.0,3911.484302175618,358.18605800159276,11364.969709000434,4283.571776155718
1734460003,10,,Aggregated,1.900000,0.400000,3600,4500,5000,5300,6400,7300,8500,9500,11000,11000,11000,411,63,3600.0,3911.484302175618,358.18605800159276,11364.969709000434,4283.571776155718
1734460004,10,,Aggregated,1.900000,0.400000,3600,4500,5000,5300,6400,7300,8500,9500,11000,11000,11000,411,63,3600.0,3911.484302175618,358.18605800159276,11364.969709000434,4283.571776155718
1734460005,10,,Aggregated,2.400000,0.400000,3700,4600,5000,5400,6500,7600,8500,9500,11000,11000,11000,417,63,3700.0,3962.7917783649436,358.18605800159276,11364.969709000434,4297.5395683453235
1734460006,10,,Aggregated,2.400000,0.400000,3700,4600,5000,5400,6500,7600,8500,9500,11000,11000,11000,417,63,3700.0,3962.7917783649436,358.18605800159276,11364.969709000434,4297.5395683453235
1734460007,10,,Aggregated,2.400000,0.400000,3700,4600,5000,5400,6500,7600,8500,9500,11000,11000,11000,417,63,3700.0,3962.7917783649436,358.18605800159276,11364.969709000434,4297.5395683453235
1734460008,10,,Aggregated,2.400000,0.400000,3700,4600,5000,5400,6500,7600,8500,9500,11000,11000,11000,417,63,3700.0,3962.7917783649436,358.18605800159276,11364.969709000434,4297.5395683453235
1734460009,10,,Aggregated,1.900000,0.200000,3700,4600,5000,5400,6600,7600,8800,10000,11000,11000,11000,426,64,3700.0,4010.271766772676,358.18605800159276,11364.969709000434,4278.805164319248
1734460010,10,,Aggregated,1.300000,0.100000,3700,4600,5100,5400,6700,7700,9500,10000,12000,12000,12000,427,64,3700.0,4028.404468154937,358.18605800159276,11752.935256998171,4294.669789227166
1734460012,10,,Aggregated,1.300000,0.100000,3700,4600,5100,5400,6700,7700,9500,10000,12000,12000,12000,427,64,3700.0,4028.404468154937,358.18605800159276,11752.935256998171,4294.669789227166
1734460013,10,,Aggregated,1.300000,0.100000,3700,4600,5100,5400,6700,7700,9500,10000,12000,12000,12000,427,64,3700.0,4028.404468154937,358.18605800159276,11752.935256998171,4294.669789227166
1734460014,10,,Aggregated,1.300000,0.100000,3700,4600,5100,5400,6700,7700,9500,10000,12000,12000,12000,427,64,3700.0,4028.404468154937,358.18605800159276,11752.935256998171,4294.669789227166
1734460015,10,,Aggregated,1.300000,0.100000,3700,4600,5100,5400,6700,7700,9500,10000,12000,12000,12000,427,64,3700.0,4028.404468154937,358.18605800159276,11752.935256998171,4294.669789227166
1734460016,10,,Aggregated,1.600000,0.100000,3700,4600,5100,5500,6600,7600,9500,10000,12000,12000,12000,441,68,3700.0,4019.0796916964887,358.18605800159276,11752.935256998171,4330.9047619047615
1734460017,10,,Aggregated,1.600000,0.100000,3700,4600,5100,5500,6600,7600,9500,10000,12000,12000,12000,445,68,3700.0,4005.2446802520544,358.18605800159276,11752.935256998171,4305.615730337078
1734460018,10,,Aggregated,1.600000,0.100000,3700,4600,5100,5500,6600,7600,9500,10000,12000,12000,12000,446,68,3700.0,4001.454350711123,358.18605800159276,11752.935256998171,4320.744394618834
1734460019,10,,Aggregated,1.600000,0.100000,3700,4600,5100,5500,6600,7600,9500,10000,12000,12000,12000,446,68,3700.0,4001.454350711123,358.18605800159276,11752.935256998171,4320.744394618834
1734460020,10,,Aggregated,1.600000,0.100000,3700,4600,5100,5500,6600,7600,9500,10000,12000,12000,12000,446,68,3700.0,4001.454350711123,358.18605800159276,11752.935256998171,4320.744394618834
1734460021,10,,Aggregated,1.600000,0.100000,3700,4600,5100,5500,6600,7600,9500,10000,12000,12000,12000,446,68,3700.0,4001.454350711123,358.18605800159276,11752.935256998171,4320.744394618834
1734460022,10,,Aggregated,2.900000,0.500000,3800,4600,5200,5500,6500,7600,8800,10000,12000,12000,12000,452,68,3800.0,4030.5186224317385,358.18605800159276,11752.935256998171,4334.128318584071
1734460023,10,,Aggregated,2.000000,0.400000,3800,4600,5200,5500,6500,7600,8800,10000,12000,12000,12000,455,68,3800.0,4017.734162817914,358.18605800159276,11752.935256998171,4358.597802197803
1734460024,10,,Aggregated,2.000000,0.400000,3800,4600,5200,5500,6500,7600,8800,10000,12000,12000,12000,455,68,3800.0,4017.734162817914,358.18605800159276,11752.935256998171,4358.597802197803
1734460025,10,,Aggregated,2.000000,0.400000,3800,4600,5200,5500,6500,7600,8800,10000,12000,12000,12000,455,68,3800.0,4017.734162817914,358.18605800159276,11752.935256998171,4358.597802197803
1734460026,10,,Aggregated,2.800000,0.400000,3800,4600,5200,5700,6600,7700,9500,10000,12000,12000,12000,463,70,3800.0,4050.3100523869516,358.18605800159276,11752.935256998171,4316.062634989201
1734460027,10,,Aggregated,2.800000,0.400000,3800,4600,5200,5700,6600,7700,9500,10000,12000,12000,12000,464,70,3800.0,4051.3713118494934,358.18605800159276,11752.935256998171,4320.672413793103
1734460028,10,,Aggregated,2.100000,0.200000,3800,4600,5200,5500,6600,7700,9500,10000,12000,12000,12000,472,73,3800.0,4019.7347276105115,358.18605800159276,11752.935256998171,4303.322033898305
1734460029,10,,Aggregated,1.900000,0.200000,3700,4600,5200,5500,6600,7700,9500,10000,12000,12000,12000,477,74,3700.0,3995.7367208430874,358.18605800159276,11752.935256998171,4280.163522012579
1734460030,10,,Aggregated,1.900000,0.200000,3700,4600,5200,5500,6600,7700,9500,10000,12000,12000,12000,479,74,3700.0,3985.8527519919867,358.18605800159276,11752.935256998171,4292.8100208768265
